node_id,x,y,added
0,0.9167330166689138,0.0,0
1,0.9040543706417491,0.025434184167585396,0
2,0.928781530790445,0.0038596803587768206,0
3,0.8874565539132135,0.07740769033485323,0
4,0.8939916589413239,0.07923532611953196,0
5,0.8995850828912353,0.04090782534709134,0
6,0.865259638206923,0.18062159085345686,0
7,0.851463463425508,0.1670060195957441,0
8,0.8678273477608701,0.16410786290037577,0
9,0.8746646833696042,0.1831987956911278,0
10,0.8438228066450835,0.1845514117863304,0
11,0.8577557068520987,0.30057440723792345,0
12,0.8600156140247376,0.2644608131035337,0
13,0.8298154690530315,0.3001304477120091,2
14,0.8707419598037442,0.3031420168884333,0
15,0.9151057470158908,0.2001221671378177,0
16,0.9303352639535403,0.16807343596573132,0
17,0.9572538712494775,0.22264332813975954,2
18,0.7671534439026412,0.19870742013527148,0
19,0.7649614887824626,0.18996958135826988,0
20,0.7029887388781693,0.21005949060676238,0
21,0.7871119879333511,0.19496038177197975,0
22,0.6889165957182918,0.21471521527589948,0
23,0.6919460603889213,0.22254194037614827,0
24,0.6851177732352772,0.20508195190112236,0
25,0.6781932957770185,0.21930285874718794,0
26,0.5986402257227228,0.2607580043789955,0
27,0.6130008825745863,0.3013846582152505,0
28,0.5550123970945118,0.2860287497737409,0
29,0.62536455911706,0.2473571111196715,0
30,0.5403251571221857,0.2902045213219523,0
31,0.4714349763258427,0.30982013988902735,0
32,0.461912924073693,0.31244969666079436,0
33,0.480562956858932,0.3072171179790557,0
34,0.47341327758134155,0.3183565260201961,0
35,0.46960052222956183,0.30117007195623696,0
36,0.40478068918182064,0.3282271681166002,0
37,0.4065758562881674,0.33414948309457837,0
38,0.40169648924770796,0.3154792105320552,0
39,0.3950146223558882,0.3312941752835323,0
40,0.4184002454453287,0.3244652452469075,0
41,0.3609814715912434,0.3419675433119349,0
42,0.35896568762209885,0.33203859904028,0
43,0.3677163442216995,0.3398572806242934,0
44,0.3580370025110049,0.35024906178256004,0
45,0.33663506827489215,0.3272668563802907,0
46,0.42864789363178835,0.4353755786425832,0
47,0.43248755286534524,0.4542501871278237,0
48,0.4194884562756845,0.38968390244465523,0
49,0.49253283606141596,0.4089526336358272,0
50,0.6301588718706793,0.35139132198795314,0
51,0.5924182414074118,0.3689778051723324,0
52,0.6204309676747516,0.3235589993111562,0
53,0.49709446854878186,0.4284223613433744,0
54,0.4914164791407676,0.4016510500894874,0
55,0.7216663449664839,0.31961285842609816,2
56,0.7200410546591907,0.31375815690916303,0
57,0.6778179632238087,0.3358029849844086,0
58,0.7338110781383697,0.35256981974407947,0
59,0.6760256827992154,0.178912375049645,0
60,0.6711772656658521,0.16797654679294324,0
61,0.6554728679144468,0.19344259287768212,0
62,0.7007549154227487,0.16696972269266433,0
63,0.7401961016483796,0.1479238422568954,0
64,0.7281372282266227,0.1274510766889599,0
65,0.7193265136852102,0.1580081228376412,0
66,0.733304022089308,0.03438931183716933,0
67,0.730702294150084,0.03538642881460776,0
68,0.862105218025283,0.02433403051708809,0
69,0.8563275389089695,0.024866032876707224,0
70,1.136796881083179,0.08885266342642605,0
71,1.1219973399143077,0.09386649646652354,0
72,1.1343278104323988,0.09183408076061242,0
73,0.6696223080867252,0.5393235958873865,0
74,0.6574304472688428,0.5490819767530539,0
75,0.7195914499585447,0.47122822151996574,0
76,0.7519066113937342,0.4434851726668249,0
77,0.8667591472460152,0.3383023146781864,0
78,0.8726466606816572,0.3305515076138216,0
79,0.8776606790721048,0.34735345890958375,0
80,0.8599480084882272,0.3328396797685159,0
81,0.6445073513796056,0.5278608113969051,0
82,0.6514558097546945,0.5226046547985989,0
83,0.6035591907798907,0.5696633963233819,0
84,0.5732365281455888,0.5441158649001726,0
85,0.5473540640185106,0.6252901186109185,0
86,0.5586687032756875,0.6137817657127113,0
87,0.5410625040563841,0.6163875793676238,0
88,0.5542593629977721,0.631563737334835,0
89,0.7260832688292991,0.49639223067210003,0
90,0.6863062947434796,0.5266135264349138,0
91,0.029900855658666774,0.7505090695168039,0
92,0.03813880315588141,0.7604706510973238,0
93,0.09015678764883264,0.8264432770545529,0
94,0.09232974244314619,0.8303361932926299,0
95,0.14691086356454897,0.9348418222130699,0
96,0.1509681271617969,0.9311151917378124,0
97,0.15482221799701743,0.9455837835833608,0
98,0.4361503117463202,0.47271377920810886,0
99,0.4457542313280232,0.5206775911444024,0
100,0.45773620784623636,0.5760545667909097,0
101,0.46721527853752204,0.6137274904029316,2
102,0.41088117909669064,0.5955579498235012,0
103,0.4468697412314379,0.6501938185211835,0
104,0.5110330550148434,0.531980321686699,2
105,0.5047339467493603,0.4635106339766852,0
106,0.5124745349653195,0.4980939954636373,0
107,0.5161599412301976,0.5224133561428577,0
108,0.5215693880831157,0.5135917598992412,0
109,0.5265448172979932,0.5767042947664361,0
110,0.535272206226421,0.6058092088665542,0
111,0.7867165358791363,0.41298020284974346,0
112,0.750722468158048,0.41015713984025426,0
113,0.303263406794857,0.6880316643299375,0
114,0.30794092850433386,0.6872456918627056,0
115,0.29197077680000255,0.6869230855490698,0
116,0.28026088539097643,0.6834471804060641,0
117,0.262723247745618,0.678166726585077,0
118,0.3396056218988659,0.6281125818037776,0
119,0.3372900615977564,0.627499548687633,0
120,0.3468554473859451,0.6030307795936233,0
121,0.3381168716125578,0.6319957613730373,0
122,0.32275658288560205,0.6705103560552458,0
123,0.3196541138791212,0.6765117439631521,0
124,0.3158250099045459,0.6692054079508596,0
125,0.22936377822142093,0.6426951623258783,0
126,0.2345605588147272,0.6555114318052166,0
127,0.22736898785439416,0.6338726186919605,0
128,0.22491211526855634,0.6107900695269908,0
129,0.24932786227363782,0.6292484660973149,0
130,0.25472434705086083,0.6755305640334338,0
131,0.24714041692513167,0.6705982137764248,0
132,0.24240793912077055,0.6665201288583096,0
133,0.24563036766124155,0.5442557617035151,0
134,0.30021607080845325,0.5629876269142136,0
135,0.24513071799203473,0.5575284079945063,0
136,0.25208168030078876,0.5296697713333552,0
137,0.2463359636136195,0.5734708124122275,0
138,0.2462059951101711,0.6032441365161207,0
139,0.3476154172953145,0.5998304094404757,0
140,0.3524272770016206,0.5786744664064001,0
141,0.35398222749296293,0.5724265008488394,0
142,0.3592916954090903,0.5808373919032502,0
143,0.36729153975205286,0.42377922293255027,0
144,0.36634188781939636,0.42899086440671025,0
145,0.368425333296201,0.414210217326077,0
146,0.35316731447575894,0.43837237807369006,0
147,0.3387254884276776,0.4384964866697785,0
148,0.35762563061797653,0.43502938951707204,0
149,0.36868743266456816,0.4782324056327432,0
150,0.23476055739035925,0.4968385797004003,0
151,0.2304265136659186,0.5054942773442305,0
152,0.24558383808766351,0.4850985151509768,0
153,0.2638392688743745,0.5122220763205864,0
154,0.22224306332337104,0.542988174794112,0
155,0.22177236656357469,0.5575675201304551,0
156,0.22692170212133345,0.5198955184664548,0
157,0.2226140160790204,0.5694548510755464,0
158,0.32382093363039693,0.43638654996646165,0
159,0.34004732738983534,0.4424993928570258,0
160,0.30375533351916895,0.43845516995218553,0
161,0.2960573472140201,0.441552215822813,0
162,0.31351351362215085,0.4368662721489071,0
163,0.27291491218436736,0.45834861310124647,0
164,0.25472806632582223,0.4759817805298244,0
165,0.2807605341575344,0.4510179773831111,0
166,0.2892618818628822,0.4449782744242304,0
167,0.30757954289756023,0.5061487333368552,0
168,0.3119857870002487,0.4668229646030683,0
169,0.2927763440271379,0.5018077402390883,0
170,0.33426235792391573,0.5140619390991048,0
171,0.2965128865053603,0.5946304144627584,0
172,0.2548731788102532,0.6506783449689271,0
173,0.28874097001836785,0.661032614260568,0
174,0.24794240200540382,0.6186266665900696,0
175,0.2940099878513767,0.6159702061220905,0
176,0.12390220679013643,0.8940461657779757,0
177,0.1288512090288643,0.8909917979598337,0
178,0.15828025674633805,0.8719871156509117,0
179,0.15265529071677897,0.8758962325426717,0
180,0.1771182888745738,0.8563886164121663,0
181,0.18163225875321345,0.8526453238837193,0
182,0.19882964257622462,0.8391935418079524,0
183,0.20912881054521718,0.8317232014689305,0
184,0.23583315263906013,0.8116457352236944,0
185,0.2619415790653703,0.7925379341870311,0
186,0.2564884592964946,0.7961045914443526,0
187,0.2690527266747187,0.7886366895888797,0
188,0.278517084669318,0.7849958079489808,0
189,0.3063370700657179,0.7707036729471907,0
190,0.2846519186530738,0.7828823516971324,0
191,0.31014229534315424,0.7689498823683769,0
192,0.33425704906828146,0.7578331070060581,0
193,0.3392004620463537,0.7541588845589207,0
194,0.35313954336930997,0.7372663674329363,0
195,0.3484948717291205,0.7437078456200845,0
196,0.3622851647769076,0.7193853512838936,0
197,0.375186897974032,0.7260338468620732,0
198,0.3706061607529464,0.7033882842649686,0
199,0.37875747821517247,0.6873140315204459,0
200,0.38434731994238963,0.6697289808128085,0
201,0.3929075227944603,0.6406486395198127,0
202,0.39900379255994883,0.6187174666307362,0
203,0.4047484522823281,0.5989493034706233,0
204,0.4055613536330753,0.5942042467753853,0
205,0.38665957135720025,0.5895363381133598,0
206,0.4054945378299514,0.5882052201270567,0
207,0.40489664613248627,0.5827469902721627,0
208,0.40110166988747553,0.5604965800033133,0
209,0.39416135683615794,0.5286068986097996,0
210,0.3892852171857157,0.5110333774580844,0
211,0.3837769038048414,0.4894033657045353,0
212,0.3831333286122732,0.4841165600173188,0
213,0.39005169317213484,0.4743682688639972,0
214,0.3800265021431488,0.4773576204540869,0
215,0.39501090117773097,0.4728113244315775,0
216,0.41470435002668016,0.46661141713091603,0
217,0.4210670358989614,0.4637648798593196,0
218,0.3709180627344259,0.5848851285300785,0
219,0.3673536034789108,0.5834167226762625,0
220,0.37192499700410525,0.578996673186932,0
221,0.3701873494638183,0.5927205569899933,0
222,0.3451625124341455,0.5166180753258326,0
223,0.31349547354073204,0.4436850163789489,0
224,0.25948502517395716,0.5179117029036567,0
225,0.27173971220952176,0.5012772638405002,0
226,0.28077936784292673,0.5001137173560962,0
227,0.2690780137135007,0.8568919978930127,0
228,0.23769737926756057,0.8656436110437122,0
229,0.30192015599913535,0.8477285361358426,0
230,0.33550746211186455,0.8381780679075129,0
231,0.33210838275542903,0.8393140984773073,0
232,0.3429116771212713,0.8347266373553298,0
233,0.36440772950432737,0.8295375565073686,0
234,0.37613880830291496,0.817096655318471,0
235,0.42486022274157936,0.759350753513142,0
236,0.47714684971292465,0.6979140105005266,0
237,0.42749500022655923,0.6876380572293865,0
238,1.04628141076276,0.041430264712787865,0
239,1.0453668040461026,0.04337091553177215,0
240,0.7375924244114312,0.36210763967396437,0
241,0.746212187285692,0.3574230594614269,2
242,0.7400543135322952,0.37058941260477046,0
243,0.5978125326385977,0.3055100345979413,0
244,0.6328500672831834,0.2962730638560051,0
245,0.581348878254274,0.3120796492480989,0
246,0.6686193195958828,0.2824337558062292,0
247,0.6573690709056232,0.2867897378829488,0
248,0.4138701775427458,0.3922768761723532,0
249,1.019822792889211,0.11748894019936744,0
250,1.0256552668435306,0.12348050485076972,0
251,1.006184575314845,0.11290545751819282,0
252,1.0183538448337204,0.12097161371820515,0
253,0.9869593112845418,0.022498753064729128,0
254,1.0413297181243193,0.03984940656679308,0
255,0.9724403706219183,0.06903768554918326,0
256,0.9624408875179452,0.09911143965206301,0
257,0.9516675124317144,0.12319194347948535,0
258,0.9921084151024799,0.10817660637716159,0
259,0.9860914229036025,0.1840198122739076,0
260,0.8439715614916521,0.3690425810580667,0
261,0.8557338043483931,0.35256812507207047,0
262,0.16452402369009997,0.9546376149025851,0
263,0.282420494422146,0.912390445102614,0
264,0.30731453640398293,0.8875637596796724,0
265,0.32008814566554805,0.9133901296599404,0
266,0.28254344050250857,0.9553068877636319,0
267,0.5634728917539928,0.6398332336722854,0
268,0.551906586239953,0.6515309883424264,2
269,0.8407882317922428,0.4087752819778785,0
270,0.7941514853839429,0.44430051718638924,0
271,0.998745997397582,0.16648208251864555,0
272,1.0004596836318598,0.1641165208196616,0
273,0.2950957622419073,0.9212120822074659,0
274,0.31680485381657036,0.8993631920447567,0
275,0.28590550880896254,0.9306146481259693,0
276,0.6131884367204177,0.4384968800750211,0
277,0.642982233841584,0.41854138805042923,0
278,0.6116000083262374,0.4341301344194203,0
279,0.3835041834528404,0.8091341126077042,0
280,0.3799485897872334,0.8059967998690055,0
281,0.03913487358826115,0.7617347459430953,0
282,0.14820213291763756,0.8748905079033972,0
283,0.1598982645712832,0.8656440948847602,0
284,0.14533686496603254,0.8766683587697498,0
285,0.20377466716856887,0.8488041013167206,0
286,0.357695387186656,0.8206328765681818,0
287,0.37210656258076097,0.7990984259017826,0
288,0.38196237924125237,0.7840536118709455,0
289,0.3764102453579734,0.8029835580933911,0
290,0.21593322531565004,0.872462266609343,0
291,0.20672641844297773,0.8782121849517733,0
292,0.22628380806079815,0.8688260197453939,0
293,0.4082763594861557,0.7277534602461855,0
294,0.40269931043836876,0.7395210956707907,0
295,0.3938039964668979,0.7625533049943191,0
296,1.0052849581584105,0.15747592610248748,0
297,1.0292138005259128,0.14963041954559933,0
298,1.02247291356834,0.13937104575980383,0
299,1.0455741143088202,0.15750909121427828,0
300,1.0412585997241348,0.16593577781027855,0
301,1.100606528174994,0.07902765323070385,0
302,1.105166026945421,0.06514720100317306,0
303,1.0928513279645184,0.09784071670804877,0
304,1.037423383777082,0.18168932616672667,0
305,1.027244485021651,0.1899417625123392,0
306,1.0491036867449035,0.13862582975400875,0
307,1.0520916976828862,0.13570438175810873,0
308,1.0366388086669418,0.14741923160323142,0
309,1.0425106261845793,0.144331927745295,0
310,1.1091147104157506,0.09870935419946493,0
311,1.1006148143731722,0.10268863640626563,0
312,1.0719169718506703,0.1301164123306328,0
313,0.9877646866108789,0.19262141601961366,0
314,0.9877346806542086,0.18984603198960476,0
315,0.6639645546064721,0.524015596643243,0
316,0.6762035785443806,0.5138092385224128,0
317,0.6499881350128444,0.5360152285885817,0
318,0.8276544040573924,0.3986060412487738,0
319,0.8365724103567349,0.39171054828952573,0
320,0.8097232263367962,0.41177664265461206,2
321,0.6137709353400218,0.573713383244664,0
322,0.6438320790027473,0.542105287320621,0
323,0.5660109670392764,0.6203819540702185,0
324,0.39961239079027205,0.8239821707799018,2
325,0.38524633766977434,0.8386598416508061,0
326,0.7129323504961044,0.4860704141469344,2
327,0.9281983217794758,0.280415740165443,2
328,0.9824728506487942,0.20787131401479,2
329,0.9044071880485604,0.3112650263220135,0
330,0.9855832770318883,0.19876108584703353,0
331,0.9899620959501692,0.1784231901638934,0
332,0.8494174330834501,0.3803917354756568,0
333,0.866255273219312,0.36069216833879764,0
334,0.8428347815623223,0.38585955336874106,0
335,0.8842935073691883,0.339186993226062,0
336,0.8851963736751044,0.35293439356476664,0
337,0.39163052267427134,0.8147465199731833,0
338,0.39862106033330746,0.8065626587880911,0
339,0.4443208197952152,0.7547900084038212,0
340,0.470405803105568,0.7249439616389651,0
341,0.32390877286909087,0.891733031716027,0
342,0.3621567261757927,0.433164996310489,0
343,0.8281520254388254,0.38244371865146476,0
344,0.8367347387747956,0.3763093940908626,0
345,1.1186771939232825,0.07005435361342685,0
346,1.1167214292715264,0.07079734711700407,0
347,1.1207727520597432,0.06996061127012375,0
348,1.1139927234151292,0.07377738482579743,0
349,1.1134541853471236,0.07571049798905057,0
350,1.115093928256433,0.07210476393540047,0
351,1.1265541805500792,0.07544649239101481,0
352,1.1258578179525693,0.07339235844022092,0
353,1.1265516005065355,0.0776113450181825,0
354,1.117017928455044,0.08236713284910194,0
355,1.1189216620677305,0.0829876326969919,0
356,1.115394632642314,0.08120452628745822,0
357,1.1245329170214535,0.07167820289614717,0
358,1.122784227889148,0.07052446437888625,0
359,1.1141855104591807,0.07960543070393325,0
360,1.1159618200309067,0.08061626248847052,0
361,1.1046488509942765,0.09164736849025648,0
362,1.1258334423202063,0.07964840627926945,0
363,1.1244903030043758,0.08135788493113627,0
364,1.1157530457736655,0.07274724421822432,0
365,1.1126181034252505,0.06963106737617507,0
366,1.1209180750936636,0.08301734143824792,0
367,1.1237946568879762,0.07244675528697044,0
368,1.1135151417291684,0.07771356242110627,0
369,1.1228281081645803,0.08245530520163223,0
370,1.12381348353353,0.08067716247647781,0
371,1.1273048127706509,0.08411949381349036,0
372,1.1079293169721884,0.07416471026270795,0
373,1.120425195830973,0.07469857726795918,0
374,1.1196827076451472,0.07458017972101065,0
375,1.1211476951259427,0.07520787947046415,0
376,1.1216593986263546,0.07663159695454648,0
377,1.1216353846406193,0.07609740508437947,0
378,1.121467626538564,0.07733630270668487,0
379,1.1179907258304496,0.09303452003275224,0
380,1.1087071782931301,0.0962180641212437,0
381,1.1185277457363745,0.07794053743738007,0
382,1.11936729412874,0.07832648394301138,0
383,1.117871575019676,0.0767449350550903,0
384,1.0988777294813268,0.09599404929166894,0
385,1.1004000534610852,0.09762342219555202,0
386,1.0985767677698084,0.09366545368886811,0
387,1.067165864548432,0.1261810083111054,0
388,1.1199848975727698,0.07835838450906289,0
389,1.1189026802667796,0.07478583534824308,0
390,1.121450064512875,0.07559096447994015,0
391,1.1179204547823185,0.07597271009453772,0
392,1.1182824858304639,0.07524030069127306,0
393,1.120531893193181,0.07819917184284601,0
394,1.1209811680489457,0.07789638578451809,0
395,1.101149936797469,0.0879475073063059,0
396,1.0452627721036356,0.14703596752483425,0
397,1.0471865572933772,0.1489345033692823,0
398,1.04388227355911,0.14567438715459627,0
399,1.0297094529794415,0.15238920782232263,0
400,0.3130466636670841,0.6850505260948958,0
401,0.3164925996003253,0.6818261685987483,0
402,0.3270611804958687,0.684418695795419,0
403,0.2367587538090841,0.6597096815024578,0
404,0.3754633806046541,0.47850657561572635,0
405,1.0352193980582487,0.12644967227693543,0
406,1.0861663990936097,0.08043850607230585,0
407,0.8740866096403822,0.3662365198239279,0
408,0.6314905245459785,0.5733780268871367,0
409,0.5747767141562462,0.628677699406923,0
410,0.2635491306840806,0.9546917924983951,0
411,0.2720691789886315,0.9450472599398108,0
412,0.25739307453566224,0.9625463227003189,0
413,0.2493464271106022,0.9741007261477245,0
414,0.24007046049918515,0.9878898155960729,0
415,0.2722562540330485,0.9673072379779254,0
416,0.2580932604404446,0.970684939211958,0
417,0.20177487101785724,0.9854660383733191,0
418,0.20845587744679706,0.9799221656353244,0
419,0.21737605555598324,0.9962866775980089,0
420,0.11157831289553102,0.8711596980710837,0
421,0.13056120779825245,0.8858795103847282,0
422,0.12760481461838227,0.887962064154003,0
423,0.1145331505228547,0.8591588214585422,0
424,0.11750474387843808,0.8644006363177446,0
425,0.10969941237311089,0.8488050069097359,0
426,0.23191793405874037,0.9855580275111605,0
427,0.24107648847852553,0.9685639354311112,0
428,0.3476265056796303,0.847225699991718,0
429,1.0316844470481168,0.12952080307923347,0
430,1.0180183091642316,0.1352369620561837,0
431,1.0274039717831744,0.14482375197146782,0
432,0.09412769434737787,0.8340364016361906,0
433,0.5406626117247287,0.4109522795642647,0
434,0.8514363668954563,0.34075776015111686,0
435,0.8379132093793368,0.35501032278942074,0
436,0.8122014501919609,0.3817391743253193,0
437,0.806400337569154,0.38671523932907376,0
438,0.7996577732750642,0.3902653208083406,0
439,0.767737682182257,0.40931275626884867,0
440,0.7456586134701085,0.42130747925847406,0
441,0.7233937271783187,0.41262536090848834,0
442,0.5617699337483435,0.48616655491780336,0
443,0.5976508970380842,0.5154056155221957,0
444,0.6365286688784033,0.4723617959359999,0
445,0.5940857001093222,0.39394455168612375,0
446,0.6008283725236722,0.40389854928503566,0
447,0.655962099400511,0.36819834430537024,0
448,0.6653463660219023,0.3645382075311346,0
449,0.6306660753762925,0.37904132355325326,0
450,0.631994268967393,0.38859473778107745,0
451,0.6286649776439557,0.3815961421389498,0
452,0.6415805071277098,0.41442358542701624,0
453,0.647248175891819,0.41603671089956357,0
454,0.5376241121948127,0.39128077862700594,0
455,0.5429379659744732,0.40393565649696056,0
456,0.5015625300852885,0.4063014236953548,0
457,0.5305291781648102,0.38020914008489337,0
458,0.5036479007245179,0.2607325488011591,0
459,0.4906608376094701,0.2650794826299193,0
460,0.46318447150954406,0.27342212415546063,0
461,0.39706573950437074,0.2921085910500155,0
462,1.0194318915104332,0.18928029912800395,0
463,1.018762314443885,0.1973353789670152,0
464,1.002778615438363,0.18262081517837922,0
465,1.0014729863840703,0.18064927845330195,0
466,1.015779763188051,0.18913688990824934,0
467,1.0116930515181648,0.18821868451378682,0
468,1.0094781068570073,0.1871959950637306,0
469,0.9945702193577013,0.20250918063948414,0
470,0.9886121532665453,0.20498568565734893,0
471,1.0024470498346727,0.1995088203215576,0
472,0.9993257071022635,0.20056988219289892,0
473,1.006595389971012,0.1989396017376366,0
474,0.9688705382272054,0.24875023583234812,2
475,1.0015899769931509,0.07954018043675838,0
476,0.827003233715808,0.06918071692468333,0
477,0.8126656850616706,0.08838814744484227,0
478,0.7946665144243695,0.11093313845464899,0
479,0.767633812757708,0.08616563422022985,0
480,0.8061648774167735,0.12228576273104991,0
481,0.23316189899852038,0.9992404124471264,0
482,0.8012069045684194,0.07632046575825017,0
483,0.8142695823439778,0.057773839474714504,0
484,0.8147864298262314,0.05654632835308298,0
485,0.8153668084942165,0.05515702791693053,0
486,0.8150321661733553,0.05073015523082098,0
487,0.8133460534644298,0.0276515761098833,0
488,0.9550881427298419,0.06246038045199699,0
489,0.9514510176357058,0.061172646661808806,0
490,0.9359195062115133,0.055673170560328285,0
491,0.9366735527997078,0.04350815617106016,0
492,0.9451649061254279,0.009125251953908,0
493,0.4072517075516173,0.3943877308905138,0
494,0.39308022396100073,0.39586744453771516,0
495,0.3828879062909567,0.39319103144813117,0
496,0.3742007574508472,0.3903127561598973,0
497,0.36374050195830787,0.38920852191711375,0
498,0.3649334771784631,0.3955758865933237,0
499,0.36118913073481285,0.3654006508449328,0
500,1.1407579403021533,0.08479199485135028,0
501,0.9994685472141056,0.17371486088879495,0
502,1.0067908895823836,0.18575117214657008,0
503,1.0045164696629687,0.18412734531020597,0
504,1.1161697239565145,0.10881785372611423,0
505,1.0826982818807995,0.13821338381727968,0
506,1.11036413905401,0.10282639414147327,0
507,1.1231685484301057,0.11602685351059552,0
508,0.8535701551037034,0.3907898782879598,0
509,0.8918366877389008,0.34504453975174304,0
510,0.8981939514185009,0.34998978947688747,0
511,0.9079888931511009,0.3263427461690047,2
512,0.36185113556040693,0.8525555463111895,0
513,0.36992827022038094,0.8403433200577539,0
514,0.34603519980110575,0.8688564048351437,0
515,0.34776275565413267,0.8824936686491093,0
516,0.5356130219368943,0.6378643519850329,0
517,0.5421269260045155,0.643659053026459,0
518,0.5052317390899176,0.6691467163111672,0
519,0.5124848237020572,0.6756796484655941,0
520,0.2443612804017007,0.9619245243039406,0
521,0.26149893832015775,0.9343102926540773,0
522,0.24566392009866064,0.9644681872058734,0
523,0.24736956834042462,0.9669853629853922,0
524,0.2501130920041028,0.9696224493687935,0
525,0.2541897106114407,0.9707215918319074,0
526,0.4973044898325107,0.693614511724814,0
527,0.22347114798340728,1.0,0
528,0.22836839887180543,0.9914712467308956,0
529,0.2790356281061866,0.9159298468419155,0
530,0.23664565828084924,0.9531290568711667,0
531,0.23772552438870181,0.9520761558834815,0
532,0.22963763087272931,0.9612652157433209,0
533,0.22294142680580448,0.967991567505254,0
534,0.21664571394880766,0.9734707050570574,0
535,0.8895824628096793,0.31096692789218794,2
536,0.8685116946876856,0.32692461945366746,0
537,0.7129767189062604,0.4760092728838847,0
538,1.1095984424816516,0.06168031949838232,0
539,1.0002268570922581,0.17759085699013671,0
540,0.7445384754754011,0.4822896974806232,0
541,0.7341988622558066,0.490531940892348,0
542,0.18701892000461232,0.9756416983464719,0
543,0.8521564989191408,0.02464361791603619,0
544,0.8443003553999587,0.025422087342550546,0
545,0.901546601832913,0.03402310188554914,0
546,0.8511558972353762,0.3986449637014775,0
547,0.7579342661346037,0.4717557494134289,0
548,0.7511641397145763,0.4771367811722533,0
549,0.8205578483149658,0.1364957372872563,0
550,0.8719255684307791,0.1460000714673068,0
551,0.7024133597746295,0.20712863034956797,0
552,0.6579657880801969,0.22989607737507117,0
553,0.6986911376235048,0.23373578426595965,0
554,0.7130268222626305,0.28747558057995476,0
555,0.8311586618420044,0.31020849110656235,2
556,0.7295183328053129,0.36688094887536477,0
557,0.6983743992474836,0.3763195083078327,0
558,0.7012442873269302,0.383840213936594,0
559,0.6910541417114752,0.35710212370556466,0
560,0.5892657030169174,0.4199451001815231,0
561,0.5915346574930395,0.4209107897333714,0
562,0.5928508350611728,0.42258670176071494,0
563,0.6024945480653562,0.4460220780130764,0
564,0.7770902389251002,0.411632129774264,0
565,0.7724174508611621,0.4098144180691271,0
566,0.386150328626606,0.2432033087115978,0
567,0.3304412669200551,0.4644788360876659,0
568,0.4899688816831592,0.30453927558920313,0
569,0.47786755178478496,0.3361281182165054,0
570,0.45283917127961537,0.31495764819799565,0
571,0.3533455882336919,0.30441888485758073,0
572,0.5519399766928784,0.48101235380520063,0
573,0.4834715226488654,0.36166877610684645,0
574,0.8824460790462088,0.3060556924881436,0
575,0.8814893412563898,0.30582172674290264,0
576,0.3442684096845131,0.7489403520919212,0
577,0.298140239051519,0.7988322917536427,0
578,0.25049316746716394,0.8006220784431287,0
579,0.04247943139253155,0.765862692267667,0
580,0.04257817211166028,0.7589966900618335,0
581,0.6915000367362921,0.2949051683184976,0
582,0.708075704452322,0.2689001769170528,0
583,0.8650918563725954,0.09755473832156507,0
584,0.8819738358677816,0.10164031942431884,0
585,0.8850728670932385,0.08792371333097142,0
586,0.8630112905464322,0.10494428722286239,0
587,0.8803602841960236,0.10875577760842232,0
588,0.7864461350809057,0.1922102377360871,0
589,0.7832482266802683,0.17901335218556588,0
590,0.6838652321618744,0.26407024623424263,0
591,0.7048978324620527,0.25698135355204327,0
592,0.7326340697896572,0.26214472340554423,0
593,0.7033108483165638,0.4010365647677202,0
594,0.697373713465012,0.38607040185787034,0
595,0.6966819251849367,0.4051118223946449,0
596,0.6907448359183053,0.390136125772444,0
597,0.8944696297759648,0.15106942133880755,0
598,0.8794984997850919,0.11255640432589797,0
599,0.8971705467022342,0.11622657848913841,0
600,0.7176780353649284,0.22748484989502896,0
601,0.5129502102307304,0.29799446599985313,0
602,0.5105113102683808,0.2986873024241572,0
603,0.5188553854965974,0.31735685657569307,0
604,0.5260635351778471,0.31548758981279906,0
605,0.527003922792142,0.3205089401149224,0
606,0.5356522156120557,0.3188857123027754,0
607,0.4849037182841833,0.3346107858364371,0
608,0.4925890071721053,0.33393612881693535,0
609,0.5210213355899947,0.3496695912735044,0
610,0.5292240370516516,0.3476529943503594,0
611,0.5546133967341895,0.3428566892632583,0
612,0.5356327196006725,0.3682959936551362,0
613,0.521244903254411,0.34124974085340865,0
614,0.5214017988742935,0.33528050665485487,0
615,0.5629901937253603,0.32654530319682795,0
616,0.5148895013285363,0.34270389562138837,0
617,0.5028510689754593,0.3454441035475034,0
618,0.5115587496383232,0.33427479638814933,0
619,0.5014588546034562,0.33612878829189563,0
620,0.5281751267117433,0.36993505175267855,0
621,0.5477786960999811,0.38585078625171376,0
622,0.5488463025085957,0.3668113543866698,0
623,0.5684711914956136,0.3786931454968222,0
624,0.563744223864763,0.3651067512583046,0
625,0.5835073136713196,0.3525558981556665,0
626,0.594096846173692,0.347843501482061,0
627,0.21337517681093474,0.8464990530585863,0
628,0.21550362096285033,0.8486369766082479,0
629,0.2516055622160538,0.8409783134157381,0
630,0.2650104409585268,0.8387791746212131,0
631,0.30135410893729603,0.8328290037155788,0
632,0.2599345661400113,0.8149293989708188,0
633,0.3013231018762481,0.8200303976312305,0
634,0.3165793902141268,0.8436477637483384,0
635,0.2795165612737624,0.9367894574754799,0
636,0.31289480929508623,0.7783772581154071,0
637,0.3105963120463348,0.8050969083259776,0
638,0.3161047219728208,0.806327594649497,0
639,0.2989861977597112,0.8200752989687179,0
640,0.26682577421975434,0.8136877735254346,0
641,0.2655020871646727,0.8083401673311617,0
642,0.2406737435147085,0.902261687283496,0
643,0.24784157572618903,0.9096809640655351,0
644,0.24579501693563932,0.8971006245073709,0
645,0.24527747334511718,0.89507608752184,0
646,0.20011427529226722,0.8842714116614124,0
647,0.16016207133099375,0.922694856562284,0
648,0.6837696765355545,0.1130824038838992,0
649,0.6910095878651076,0.10693134065799946,0
650,0.7129101080538759,0.10167812322958945,0
651,0.7187137474939356,0.111445994901746,0
652,0.7078261432055766,0.09295358345382713,0
653,0.6943631908024515,0.11272843339408767,0
654,0.6861871228263303,0.11982822068780381,0
655,0.6955530855911245,0.11458488465013482,0
656,0.723558597148304,0.11967335614659441,0
657,0.7223784173700917,0.11767390117808985,0
658,0.7441314706591945,0.1064594214384288,0
659,0.7499762028145898,0.11353813398651971,0
660,0.7085297410465773,0.13927776848157006,0
661,0.706527902294703,0.1352044658626593,0
662,0.7096974124331049,0.13856869194943264,0
663,0.6853989924316309,0.13846857756606448,0
664,0.6791487810221452,0.12511250082994163,0
665,0.6828473447244562,0.12325333177293622,0
666,0.6544041821631945,0.13825675317661193,0
667,0.686258565963842,0.13000441240324692,0
668,0.6591995317404679,0.14569227156906026,0
669,0.6409521537443356,0.18135882797784994,0
670,0.6417708380149918,0.16370092680845616,0
671,0.6381994620156173,0.15675827238372053,0
672,0.5208558482124093,0.2776560195542682,0
673,0.5338486074023959,0.2722314801297252,0
674,0.50478905527033,0.273508409859754,0
675,0.4905889351674317,0.2786881749414787,0
676,0.49294919538273124,0.2861012345903931,0
677,0.48598528191432494,0.28749496673288444,0
678,0.6549127145168678,0.31106707752088925,0
679,0.5882644795407996,0.3367403668769358,0
680,0.6219013706067985,0.26564952256310703,0
681,0.6522187961958514,0.25170502266709244,0
682,0.6556049837509995,0.2496534568815691,0
683,0.6745049886366626,0.26318142497250113,0
684,0.6698674939592809,0.2546881445264939,0
685,0.6618348492528007,0.26008160737509434,0
686,0.6481078590901982,0.23507007249023393,0
687,0.638432680253664,0.23954885192390662,0
688,0.6342361622179765,0.21539842037057721,0
689,0.6274923032718643,0.21918699815366008,0
690,0.6165631907543997,0.23052568313532673,0
691,0.6235885493638758,0.21076437652837343,0
692,0.7181902991317275,0.08519782296392449,0
693,0.7387745012048512,0.05971955606335983,0
694,0.7464192099402525,0.06673151168923766,0
695,0.7222285832570172,0.09357349868136434,0
696,0.766398204610388,0.11994813022042401,0
697,0.7507412809273443,0.10601761816257368,0
698,0.7557504722630929,0.10013132950566798,0
699,0.7917129043597602,0.07699490606980809,0
700,0.8051522031476915,0.05664780546799706,0
701,0.8575287343781671,0.0633822034704618,0
702,0.8452210540909931,0.0644994408474766,0
703,0.8555734132153744,0.08091008831607926,0
704,0.8483979563240469,0.07490193154766497,0
705,0.8354320436735121,0.0988278242977551,0
706,0.8301566825693486,0.09581479433598035,0
707,0.7807242025213815,0.15017007472285382,0
708,0.7703686862810899,0.1411028371104524,0
709,0.7936729673334578,0.16152084586026397,0
710,0.41783552674928087,0.2533555906209654,0
711,0.4269781650597098,0.2513725054933722,0
712,0.6458031001433077,0.4116516465878966,0
713,0.6436061270446071,0.40554596897987016,0
714,0.6426620663087023,0.40291833765168417,0
715,0.6424915440941557,0.40130570769935164,0
716,0.6431983934038005,0.3996977230730973,0
717,0.6452983912416477,0.3987551572274031,0
718,0.6541154650440089,0.39399527333549034,0
719,0.660566940799696,0.3896138774685909,0
720,0.6652369312866327,0.3868919975734917,0
721,0.6712156460327341,0.3838718716671351,0
722,0.6736373300885364,0.381357433833121,0
723,0.6748484190174289,0.37920852113444625,0
724,0.6751634095405886,0.37551942962915263,0
725,0.6735727066994023,0.36989380104851727,0
726,0.6717934001130246,0.3660696379052264,0
727,0.669374971656044,0.36458815439985054,0
728,1.0722145662737368,0.11626094589830266,0
729,1.0645560011000252,0.12365892203919364,0
730,0.11038667575524964,0.8117484711380485,0
731,0.09278288526518401,0.8173684776132054,0
732,0.07782830616527679,0.8095173434637287,0
733,0.08432651465553105,0.8183158535732097,0
734,0.08536653723020035,0.8197327724935283,0
735,0.675026527149479,0.4317861060666445,0
736,0.0868506249019815,0.82182914128549,0
737,0.8325070594095643,0.3074976453001317,0
738,0.8329435843393965,0.30453400158018784,0
739,0.8327201240501714,0.30277803498030587,0
740,0.08925863816622626,0.818475296800357,0
741,0.12563251605005282,0.8884762162627973,0
742,0.12433641673822154,0.8880879255792071,0
743,0.12347384720153498,0.886977115503746,0
744,0.1173452540861853,0.8742990353495422,0
745,0.1161584635328848,0.8718513633472735,0
746,0.11347460409081678,0.8663726408835438,0
747,0.10860285146333847,0.8564382474847839,0
748,0.1005948578384507,0.840221663676631,0
749,0.09971788840304595,0.8384432009830721,0
750,0.09658210202629933,0.8320751804587987,0
751,0.09315908096213775,0.8258487032480087,0
752,0.0909681203887669,0.8219747659379335,0
753,0.08678295001818687,0.8142660741630641,0
754,0.09399657023383348,0.8215138454946943,0
755,0.08425853754927401,0.8108100059814416,0
756,0.07776762373770942,0.8023262500594038,0
757,0.05363757087118735,0.77211072311646,0
758,0.09781588081805662,0.8255870812515892,0
759,0.10091793707297927,0.8298568204560525,0
760,0.10333689468149265,0.8346379578435402,0
761,0.10512498809632512,0.8385097789631502,0
762,0.1068511151856173,0.8422477588019874,0
763,0.12190439010712618,0.872177224751684,0
764,0.12451612585276661,0.8743462867966522,0
765,0.12867959605400958,0.8759608378814369,0
766,0.13563984490650854,0.876903449904957,0
767,0.14112770324936202,0.8769323195910262,0
768,0.034873020668714484,0.7498676092161464,0
769,0.021295730844199504,0.7354528955983379,0
770,0.0,0.7144267905100216,0
771,0.238696253579836,0.9513469326884224,0
772,1.0681432695078792,0.1511250884133484,0
773,0.3727469918084773,0.574223052596454,0
774,0.37005906851701037,0.5559458198553384,0
775,0.3464888227693397,0.45866015882350464,0
776,0.35382879295385944,0.47591286739446453,0
777,0.35843660976531017,0.4934468106406161,0
778,0.36426598393651594,0.5255022716900947,0
779,0.3752725623416599,0.5231570567008378,0
780,0.16582470190222198,0.9558556387621213,0
781,0.9003223317451484,0.03864197108098338,0
782,0.6528887397065372,0.5529489587211263,0
783,0.6510587933640837,0.5333315069778535,0
784,0.6549795079730383,0.51993392385975,0
785,0.6484705035171751,0.5571694592916712,0
786,0.6502887267756526,0.5536409167829405,0
787,0.6489646904234515,0.5534527052067268,0
788,0.6477402949612825,0.5530456738699567,0
789,0.6461265266016418,0.5517782644217789,0
790,0.6447938257772994,0.54984476406179,0
791,0.6442555395691862,0.5483637022273347,0
792,0.6440932657563155,0.5468846314406457,0
793,0.651341528346382,0.5323507088135307,0
794,0.6516707161174244,0.5276698594064687,0
795,0.6528753994585886,0.5233465097128135,0
796,1.104923848766839,0.060186746305708284,0
797,0.8606707478417507,0.25405005008593845,0
798,0.8543502252263405,0.2640969446115943,0
799,0.8375747914564805,0.26358827217412184,0
800,0.837700151379553,0.25852486995429,0
801,0.8376114392266609,0.2566837869502011,0
802,0.8355885472623367,0.25658721830953407,0
803,0.8356747668835864,0.24877699551238572,0
804,0.367846164763759,0.6020543097006474,0
805,0.36560854033788853,0.6121229459506885,0
806,0.3615424144886976,0.6259871359478157,0
807,0.35975977104363627,0.6363633523123928,0
808,0.3510757178362014,0.6532931208161323,0
809,0.33940066280920933,0.6703692451806748,0
810,0.37155367213465235,0.8156514699282661,0
811,0.3788077514918031,0.8050275580221021,0
812,0.26407065745132796,0.8897009583927787,0
813,0.2667510020758717,0.8992328513463577,0
814,0.26862284520872215,0.9058898947421288,0
815,0.2722481962717323,0.90938041098613,0
816,0.2315433127203032,0.8884137826624583,0
817,0.23035773667937465,0.8840396647456045,0
818,0.23558238103319062,0.8966462783376611,0
819,0.23863933622028427,0.8958708233542737,0
820,0.2207382386278339,0.8797546436738515,0
821,0.2220387936632441,0.8843963977212538,0
822,0.22364219994921308,0.8859307367627522,0
823,1.029413730335932,0.1507568321825649,0
824,1.0314475041911346,0.15722410443394705,0
825,1.0406187182490976,0.16167893520160348,0
826,1.0361930618550799,0.16893200389977997,0
827,1.0359941136837592,0.16089137659608188,0
828,1.0287040476997171,0.14615629219813994,0
829,1.0338631009523114,0.1440951726271366,0
830,1.0289806975753528,0.1480079139741021,0
831,1.0382315564438,0.14254483780586052,0
832,1.0394824097741948,0.14134985062144168,0
833,1.0844147354515872,0.0983393932701385,0
834,1.0896080061941946,0.09153865793363859,0
835,1.0622949790089091,0.11951742786636531,0
836,1.092859973145512,0.08612950416525503,0
837,1.0603601945803276,0.12136681558411794,0
838,1.0612781170384602,0.12048477421086809,0
839,1.0690275376938738,0.1279743109898841,0
840,1.0481848197577834,0.14977905956277637,0
841,1.101838078805199,0.09827005016498541,0
842,1.022321891792459,0.16607343428632018,0
843,1.053198471532872,0.15485074067844845,0
844,1.0501455833496838,0.15145844498650377,0
845,1.0734077312987074,0.1343110285287269,0
846,1.0500537469170779,0.15862013436873826,0
847,1.1062494418201845,0.09707282752851233,0
848,1.0753412972463314,0.1326905205950648,0
849,1.073736823952187,0.1313563554106857,0
850,1.0772318075881009,0.1341120405987285,0
851,1.077266976960796,0.1308696969543057,0
852,1.0627211349319563,0.12187529955284382,0
853,1.066257334033218,0.1252987810995194,0
854,1.0700174059727465,0.1287139185830999,0
855,1.046097981818063,0.163377045140967,0
856,1.1095894469020842,0.10203070874050488,0
857,1.1059615271909329,0.1040618094911639,0
858,1.1019216335511657,0.10779781421154458,0
859,1.0897342753580912,0.14348658351919388,0
860,1.027572838491785,0.1702975888335728,0
861,1.0151594561956665,0.15932138313085534,0
862,1.0322086693484096,0.1740225558466651,0
863,1.011694162381894,0.16276482637316905,0
864,1.0274734745044087,0.1805587157967445,0
865,1.0230335832875808,0.18375854923021193,0
866,1.0195944969486073,0.18395959936707848,0
867,1.0152304972818056,0.1829922334818681,0
868,1.0123493088209452,0.18098370319737353,0
869,1.0099385414859894,0.17806213799093057,0
870,1.0087397655739039,0.17451758806899467,0
871,1.0087508003958052,0.17076012623255057,0
872,1.0096739682028741,0.1672077904991714,0
873,0.8824379730354579,0.30083899126866864,0
874,0.8826864867312816,0.29956237295179083,0
875,0.8833835401602905,0.29306194190545465,0
876,0.8789043678807787,0.2884986116375132,0
877,0.8896809133624604,0.25534852888084364,0
878,0.8652536538343272,0.254255583559976,0
879,0.9634327746102394,0.15841686076431405,0
880,0.9647142307113911,0.15651630291823543,0
881,0.9695022815362689,0.16024205792942964,0
882,0.9684914410376947,0.1617625800287959,0
883,0.9835601707555165,0.17344905445264103,0
884,0.9970145073183997,0.16882847600519713,0
885,0.7614416345027203,0.19189643454793562,0
886,0.7609215598469087,0.1937342885486944,0
887,0.7607629301607494,0.18988056104463147,0
888,0.759381815247086,0.1953855359745732,0
889,0.7577938144457604,0.19600654816631122,0
890,0.6980975095291514,0.20721067004783825,0
891,0.6956034920748125,0.2064726569114447,0
892,0.6938146204244081,0.2044509055931462,0
893,0.6832484445183136,0.184443853507962,0
894,0.6826839325174174,0.18115065178751052,0
895,0.6839080829166929,0.17822932435476319,0
896,0.7345881481340772,0.1536066883540548,0
897,0.7402998180380893,0.15538220599018795,0
898,0.9721643817242683,0.1411538956084289,0
899,0.9761104297227576,0.13148543441081686,0
900,0.9746876183351237,0.1431319033040456,0
901,0.9796181069799385,0.1470110085681654,0
902,0.9780941074322489,0.1490628651340062,0
903,0.9801176509302981,0.15072350071777693,0
904,0.9789085256464222,0.15249092594317556,0
905,0.9833125111450512,0.1560429800721809,0
906,0.9910047336341684,0.16419021270943088,0
907,0.9823913503017179,0.15753536758609038,0
908,0.9540179818783457,0.12398645924695205,0
909,0.9774745736689904,0.13087279239248803,0
910,0.6937395713856938,0.10538175943406419,0
911,0.6918949867731061,0.10204362946216394,0
912,0.6968431725933832,0.09921832511068378,0
913,0.6999465398849245,0.07957932871557358,0
914,0.6888242014320461,0.14257802716348753,0
915,0.7102247517435736,0.16239452654017442,0
916,0.7087639418733154,0.15928731146753014,0
917,0.7006725700635448,0.14195414082185961,0
918,0.7021560996353361,0.13739385157839362,0
919,0.7126650131995994,0.14455448150063943,0
920,0.7053222988146266,0.1278642442460498,0
921,0.6985206976103873,0.12057067069426144,0
922,0.69978090115382,0.12267545281505415,0
923,0.6914368904486965,0.09049208416713078,0
924,0.692677249391783,0.08958311745776855,0
925,0.6908305406672067,0.08664552399504676,0
926,0.9882649261833265,0.15411426153835583,0
927,0.9896839766550893,0.15159454205526002,0
928,0.991384860200154,0.15668673060571747,0
929,0.994799073208216,0.15948011317092387,0
930,1.0060639430790665,0.1456829815588589,0
931,0.9895266515488861,0.14919041833038532,0
932,0.9932632192017732,0.14524295936054474,0
933,0.9803082461452409,0.1317175661830335,0
934,0.23120705576015774,0.9437543035463539,0
935,0.23380734823574367,0.9463906319691269,0
936,0.17306944026851928,0.9486648430916897,0
937,0.18626411669075038,0.9353541089652668,0
938,0.222457466577778,0.9357926405826936,0
939,0.22776779635073033,0.9406271777721645,0
940,0.18793801935956556,0.9354010681302859,0
941,0.21754293653301707,0.9357000001667055,0
942,0.21415473147824846,0.9534779033202635,0
943,0.20574792640754244,0.9552265602904252,0
944,0.1984496010137013,0.9555886795044636,0
945,0.19544907149801435,0.9541518924678855,0
946,0.3336970294710667,0.5957992148084216,0
947,0.320075141909122,0.6017546691465687,0
948,1.0520937437987523,0.06298587722887164,0
949,1.0534493620239844,0.058930392419191006,0
950,1.0561243825695341,0.05089552522523777,0
951,1.0566703945630924,0.04923901879002239,0
952,1.0191451939321845,0.1304173091183378,0
953,1.0653090395864329,0.08815721983247088,0
954,0.9336758016735904,0.1695694001926563,0
955,0.9411695634227687,0.17294712443114468,0
956,0.9329344322622848,0.16924120739562243,0
957,0.20942545588572903,0.8808013437803042,0
958,0.16559625468714004,0.9278161264533653,0
959,0.1637246759308995,0.9262040879140715,0
960,0.3374891240171985,0.8494706060796383,0
961,0.33275839270124363,0.8433802220541784,2
962,0.3539255592011006,0.8326484850888145,0
963,0.296860680206609,0.8870127296391837,0
964,0.21830242735692057,0.8747826586449028,2
965,0.21360601369290352,0.9658729078646511,0
966,0.3780869708790611,0.8058916071180117,0
967,0.3895653029056774,0.792152371393925,0
968,0.41106980828115264,0.7650286590780275,0
969,0.4419345115935089,0.7285892275206584,0
970,0.8647253798083561,0.29810322137174766,0
971,0.8619741020835242,0.2935490714721135,0
972,0.8853453662353861,0.30128359130875004,2
973,0.943968050059076,0.22589153056079883,2
974,0.9443230101806274,0.22311819301578004,0
975,0.9429826301284221,0.22094620309731675,0
976,0.9411449747370915,0.21968710819835496,0
977,0.8760988895450489,0.18793668959661938,0
978,0.8748028446614687,0.18752925953239885,0
979,0.8711752351338238,0.1895127352217754,0
980,0.8705786716868992,0.19057769476354844,0
981,1.0256492448106476,0.1145158300644141,0
982,1.0461739465615862,0.051529220866466524,0
983,1.0478614545673293,0.049039545880709544,0
984,1.049658906396475,0.04776163663695358,0
985,1.051592754593437,0.04777192880142974,0
986,1.0892637260368918,0.05867282156697903,0
987,1.090547269754191,0.059747784072922375,0
988,1.0909321115128203,0.061456930400356824,0
989,1.090817530673045,0.06447950333347915,0
990,1.0890334634584578,0.06660625886902709,0
991,1.0670862470792106,0.08731790040938887,0
992,0.21238572991099336,0.8779844901194334,0
993,0.21098246703391924,0.8792455006464849,0
994,0.16026320541436895,0.9306967973734513,0
995,0.15880786335491345,0.9333499172695389,0
996,0.1584626725788903,0.9359993422807406,0
997,0.1591545577422056,0.9389212561666219,0
998,0.1607799533933037,0.9413807774260033,0
999,0.1642674204853788,0.9455571925974499,0
1000,0.1913729526459885,0.9699615890513349,0
1001,0.19443569408202913,0.9714845344865205,0
1002,0.19847197236850908,0.9717442064657247,0
1003,0.2041504569756604,0.9712686529361375,0
1004,0.20906275152152448,0.9700833406889439,0
1005,0.18061079546761347,0.9089359128744526,0
1006,0.19084464503614387,0.8985564810317338,0
1007,0.21195514891410538,0.8832465588183445,0
1008,1.0013376534408165,0.13539618743631848,0
1009,1.0026521892709415,0.1340107987932055,0
1010,1.0054627290545712,0.13583775054117742,0
1011,1.0109577368734266,0.12784648671398263,0
1012,1.013640628619456,0.12842343317331348,0
1013,1.0167669870550582,0.1247397657115374,0
1014,0.9952411021266236,0.13192095761668476,0
1015,1.002967216671304,0.12023172118766563,0
1016,1.0044898279910028,0.11675886853565458,0
1017,1.0029730998240534,0.14269104248747527,0
1018,0.9535206569088804,0.21080732147162531,0
1019,0.9471202290836884,0.21228965917389922,0
1020,0.9230121226639958,0.19998297628311068,0
1021,0.9211881098742756,0.19447052065649606,0
1022,0.9613717831838767,0.10822298677124116,0
1023,0.9668844156341752,0.10533401645608832,0
1024,0.4910337719326154,0.2402475194617845,0
1025,0.43096195339629223,0.24804610612845773,0
1026,0.49930922890276613,0.23125032011872967,0
1027,0.547786970786603,0.1980322462986993,0
1028,0.5115918108197132,0.23654141625170216,0
1029,0.7874170619779163,0.3077682643586335,1
1030,0.48756788267693507,0.5757573354075131,1
1031,0.49068045087543033,0.5699504766821175,1
1032,0.7838674849273937,0.33649366087601135,1
1033,0.5233895218131799,0.683822445449686,1
1034,0.4948724573863065,0.7161139025569454,1
1035,0.4663553929595334,0.7484053596642049,1
1036,0.43783832853265997,0.7806968167714643,1
1037,0.7755488871234427,0.43800783982452934,1
1038,0.7471066897094578,0.45983921697701713,1
1039,0.9540061087974823,0.24592053332630479,1
1040,0.9566650636307878,0.24236652085392826,1
1041,0.9422769147563737,0.2826433082268224,1
1042,0.9157836491096638,0.2767695741625979,1
1043,0.2912128247134379,0.8547787722341925,1
1044,0.25984799534472625,0.8633841084648887,1
1045,0.9117900797286264,0.267274205929073,1
1046,0.9175233365658357,0.2599009159404758,1
